"","sensor","model","period","period_first","period_prev","region","prov","time_lag","area_ha_101","area_ha_102","area_ha_103","area_ha_104","area_ha_105","area_ha_106","area_ha_107","area_ha_201","area_ha_202","area_ha_203","area_ha_204","area_ha_205","area_ha_206","area_ha_207","area_ha_301","area_ha_302","area_ha_303","area_ha_304","area_ha_305","area_ha_306","area_ha_307","area_ha_401","area_ha_402","area_ha_403","area_ha_404","area_ha_405","area_ha_406","area_ha_407","area_ha_501","area_ha_502","area_ha_503","area_ha_504","area_ha_505","area_ha_506","area_ha_507","area_ha_601","area_ha_602","area_ha_603","area_ha_604","area_ha_605","area_ha_606","area_ha_607","area_ha_701","area_ha_702","area_ha_703","area_ha_704","area_ha_705","area_ha_706","area_ha_707","area_ha_total_nochange","area_ha_total_correct","area_ha_total_true","area_ha_total_incorrect","area_ha_total_all","area_RS","area_BPS","compare_total_RS","compare_total_BPS","pct_101","pct_102","pct_103","pct_104","pct_105","pct_106","pct_107","pct_201","pct_202","pct_203","pct_204","pct_205","pct_206","pct_207","pct_301","pct_302","pct_303","pct_304","pct_305","pct_306","pct_307","pct_401","pct_402","pct_403","pct_404","pct_405","pct_406","pct_407","pct_501","pct_502","pct_503","pct_504","pct_505","pct_506","pct_507","pct_601","pct_602","pct_603","pct_604","pct_605","pct_606","pct_607","pct_701","pct_702","pct_703","pct_704","pct_705","pct_706","pct_707","pct_total_nochange","pct_total_correct","pct_total_true","pct_total_incorrect"
"1","S2_MOD13Q1_S1","svmRadialMOD13Q1_S1","20180610_20180626","2018-06-10","2018-06-26","3212","32","16","5452.69","805.59","3915.18","355.84","584.83","16.83","1484.3","139.29","591.5","2982.62","895.93","73.51","21.47","23.6","3704.09","6386.21","29065.55","15226.4","2343.55","460.28","773.07","612.53","91.51","621.02","6730.52","4877.38","55.71","174.89","7087.45","113.04","1223.42","541.63","5273.22","11.49","990.15","0.18","0","0.22","0","0.09","0","0.03","1353.2","121.37","119.97","43.52","118.91","0.36","8318.97","55432.45","35747.09","91179.54","22603.57","113783.11","116946.847819239","115555","97.2947215951225","98.4666262818571","4.79217873373298","0.708004905121683","3.44091491259116","0.312735343584826","0.513986654082491","0.0147912989898061","1.30449941120435","0.12241711445574","0.519848684044583","2.6213205105749","0.78740157480315","0.0646053706916607","0.0188692328764788","0.0207412154580763","3.25539528669941","5.61261684620855","25.5446963965038","13.3819509767311","2.05966421554131","0.404524010637431","0.679424213312503","0.538331216293877","0.0804249418037528","0.545792780668414","5.91521887563102","4.28655887503866","0.0489615725919251","0.153704710655211","6.22891218213318","0.0993469065839385","1.07522109388643","0.47601968341347","4.6344488210948","0.0100981595598855","0.870208240924334","0.000158195711120921","0","0.000193350313592237","0","7.90978555604606e-05","0","2.63659518534869e-05","1.18928020160461","0.10666785254859","0.105437441462094","0.0382482074887916","0.104505844496604","0.000316391422241842","7.31125208302005","48.7176435940273","31.4168684614087","80.134512055436","19.865487944564"
"2","S2_MOD13Q1_S1","svmRadialMOD13Q1_S1","20180626_20180712","2018-06-26","2018-07-12","3212","32","16","13234.35","312.74","2852.88","594.86","1071.92","0","283.37","361.4","1489.2","5641.96","325.24","114.29","0","178.45","3023.47","1557.07","18223.87","12251.17","2229.82","0.02","641.38","782.69","5.8","695.41","13606.25","8094.93","0","604.28","8581.02","8.71","477.43","1203.61","2551.09","0","449.75","18.82","33.78","251.91","108.09","143.45","0","3.54","6508.94","48.45","415.62","42.91","92.44","0","4656","53760.76","43102.05","96862.81","16909.57","113772.38","116946.847819239","115555","97.2855464867719","98.4573406602916","11.6323047825843","0.27488218142224","2.50753302339285","0.522850976660592","0.942161884984739","0","0.249067480174011","0.317651788597549","1.30892928494596","4.95898916766969","0.285869030778824","0.100454961037116","0","0.156848261414589","2.65747275393202","1.36858348221247","16.0178331507172","10.7681407385518","1.9598957145838","1.7578958970534e-05","0.563739635226054","0.687943769832362","0.00509789810145485","0.611229192884951","11.9591855246414","7.11502211696723","0","0.531130666335713","7.54226992526657","0.00765563663166755","0.419636119065102","1.05791054032622","2.24227532200698","0","0.395306839849883","0.0165418003912725","0.0296908617012319","0.221415777713361","0.0950054837562509","0.126085083216155","0","0.00311147573778451","5.72101946008337","0.0425850281061186","0.365308346366667","0.0377156564712806","0.081249948361808","0","4.09238164834031","47.2529097132362","37.8844584247952","85.1373681380314","14.8626318619686"
"3","S2_MOD13Q1_S1","svmRadialMOD13Q1_S1","20180712_20180728","2018-07-12","2018-07-28","3212","32","16","30727.99","51.57","1158.32","31.56","138.23","0.01","399.25","53.58","306.32","2132.58","945.33","5","0","16.9","1424.99","328.34","15160.3","10104.86","956.06","0.06","592.33","113.99","1.03","234.87","11581.05","15881.56","0","318.6","6624.67","5.86","898.09","378.66","5943.53","0","439.81","0","0","0.02","0","0","0","0","1987.78","4.76","306.91","18.64","116.82","0","4380.58","68099.77","37686.37","105786.14","7984.67","113770.81","116946.847819239","115555","97.2842039965473","98.4559819999135","27.0086764786152","0.0453279712080805","1.01811703722598","0.02773998005288","0.121498651543397","8.78960077721166e-06","0.350924811030176","0.0470946809643001","0.269243051007548","1.8744526825466","0.83090733027215","0.00439480038860583","0","0.0148544253134877","1.25250932115188","0.288597751918968","13.3252984662762","8.8817685309615","0.840338571906098","5.273760466327e-05","0.520634422836578","0.100192659259436","0.000905328880052801","0.20644135345437","10.1792806080927","13.9592572119334","0","0.280036680761963","5.82282045807708","0.00515070605544603","0.789385256200602","0.332827023029897","5.22412559073808","0","0.386575431782546","0","0","1.75792015544233e-05","0","0","0","0","1.74717926329258","0.00418384996995275","0.269761637453403","0.0163838158487225","0.102680116279387","0","3.85035493726379","59.8569791319935","33.1248147042286","92.9817938362221","7.01820616377786"
"4","S2_MOD13Q1_S1","svmRadialMOD13Q1_S1","20180728_20180813","2018-07-28","2018-08-13","3212","32","16","38770.87","112.95","1022.18","8.07","275.88","6.01","734.51","12.27","325.41","322.37","32.82","2.37","0","2.41","1390.51","1229.14","12044.8","3154.77","1407.61","13.82","653.48","39.06","0.1","272.36","8292.69","14379.59","0.1","77.2","10324.75","12.61","1756.08","115.24","10590.05","1.98","251.54","0.01","0","0.04","0","0","0.02","0","1655.16","35.01","518.5","8.97","129.62","0","3802.94","73826.78","31017.49","104844.27","8941.6","113785.87","116946.847819239","115555","97.2970816416321","98.4690147548786","34.0735365472004","0.0992654008797402","0.898336498196129","0.00709226901371849","0.242455412082361","0.00528185090117077","0.645519518372536","0.0107834127383303","0.285984542720463","0.283312857738839","0.0288436516766098","0.00208285967317383","0","0.00211801342293204","1.22204101440715","1.0802219994451","10.5854971271916","2.77254987811755","1.23706924242878","0.0121456205414609","0.574306809799846","0.0343276366388902","8.78843743955203e-05","0.239361882103639","7.28797872705987","12.6374127121408","8.78843743955203e-05","0.0678467370333417","9.07384194540148","0.0110822196112751","1.54331992188485","0.101277953053398","9.30699919067279","0.0017401106130313","0.221064355354492","8.78843743955203e-06","0","3.51537497582081e-05","0","0","1.75768748791041e-05","0","1.45462701124489","0.0307683194758716","0.455680481240773","0.00788322838327817","0.113915726091473","0","3.342190027637","64.8822037393571","27.2595270396931","92.1417307790502","7.85826922094984"
"5","S2_MOD13Q1_S1","svmRadialMOD13Q1_S1","20180813_20180829","2018-08-13","2018-08-29","3212","32","16","50393.57","93.16","1016.06","12.89","123.55","0","560.86","47.51","382.93","1100.11","161.26","11.45","0","12.02","2244.07","208.14","8348.74","3791.59","1255.84","0.04","87.42","31.89","3.18","133.34","3916.54","7518.57","0","9.01","15831.92","30.95","1999.89","307.84","8554.99","0","52.28","20.77","0.03","1.45","0","0.6","0","0.01","1888.7","21.2","554.44","7","32.98","0","3017.32","74614.09","30959.75","105573.84","8212.27","113786.11","116946.847819239","115555","97.2972868630677","98.4692224481849","44.2879803167539","0.0818729104984782","0.892956091037825","0.0113282719657083","0.108580915544085","0","0.492907262582401","0.0417537782071994","0.336534925044893","0.966822751915853","0.141722043226541","0.0100627396437052","0","0.0105636795211648","1.97218272072048","0.182922151042865","7.33722244305566","3.33220812276648","1.10368479948915","3.51536756111972e-05","0.0768283580482714","0.028026267881027","0.00279471721109018","0.117184777649926","3.44201941695695","6.60763427100197","0","0.00791836543142217","13.9137544995606","0.0272001565041638","1.75758710795193","0.270542687503773","7.51848358292589","0","0.0459458540238347","0.0182535460611141","2.63652567083979e-05","0.0012743207409059","0","0.000527305134167958","0","8.7884189027993e-06","1.6598686781717","0.0186314480739345","0.487265097646804","0.00615189323195951","0.0289842055414321","0","2.65174721237944","65.5739878971168","27.208725212594","92.7827131097108","7.21728689028916"
"6","S2_MOD13Q1_S1","svmRadialMOD13Q1_S1","20180829_20180914","2018-08-29","2018-09-14","3212","32","16","55767.63","287.92","1381.33","24.33","159.29","60.71","12785.79","167.88","10.58","267.62","257.79","25.29","2.59","8.16","4686.37","132.26","2731.93","4144.35","1354.74","46.59","60.32","1006.51","2.16","233","1918.45","5015.87","12.71","8.42","14410.38","279.96","614.03","396.01","1714.44","47.68","36.64","0","0","0","0","0","0.04","0","286.91","20.34","311.73","42.52","12.69","0.22","3064.94","65208.01","37873.94","103081.95","10717.17","113799.12","116946.847819239","115555","97.3084115750566","98.4804811561594","49.0053262274787","0.253007228878396","1.21383188200401","0.0213797786837016","0.139974720366906","0.0533483914462607","11.2354032263167","0.147523109141793","0.00929708419537866","0.235168778106544","0.226530749974165","0.0222233704443409","0.00227594027089137","0.00717052996543383","4.11810741594487","0.116222339856407","2.40066004025339","3.64181199292227","1.19046614771714","0.0409405626335248","0.053005682293501","0.884462023959412","0.00189808146143837","0.20474675023849","1.68582147208168","4.40765271295595","0.0111688034142971","0.0073990027339403","12.662997745501","0.246012447196428","0.539573592484722","0.347990388677874","1.50654943553166","0.0418983907784173","0.0321970855310656","0","0","0","0","0","3.51496566933031e-05","0","0.25211970004689","0.0178736004285446","0.273930062025084","0.0373640850649812","0.0111512285859504","0.000193323111813167","2.69328971963931","57.3009791288369","33.281399715569","90.5823788444058","9.41762115559417"
"7","S2_MOD13Q1_S1","svmRadialMOD13Q1_S1","20180914_20180930","2018-09-14","2018-09-30","3212","32","16","66358.65","96.25","4177.48","48.73","673.74","233.47","4693.19","443.33","8.67","255.32","1.71","4.38","11.95","2.67","1875.19","28.5","1502.14","927.26","1152.22","27.3","24.47","27.42","0.01","131.48","3665.78","2952.63","0","6.11","3250.42","3.63","766.81","358.29","3881.76","6.17","15.23","70.68","5.3","52.09","15.6","14.35","11.35","1.2","10007.18","2.01","767.2","2.47","22.36","4.5","5086.52","80514.87","23084.56","103599.43","10075.74","113675.17","116946.847819239","115555","97.2024232544551","98.3732162173857","58.3756769398277","0.0846710851631012","3.67492742698339","0.0428677608311472","0.592688799145847","0.205383462369135","4.12859730053626","0.389997217510209","0.00762699541157493","0.224604898325641","0.00150428629224834","0.00385308418716242","0.0105124100540162","0.00234879789491408","1.64960386687788","0.025071438204139","1.32143193627949","0.81571023821649","1.01360745710783","0.0240157987008069","0.0215262488721152","0.0241213626511401","8.79699586110142e-06","0.115662901581761","3.22478514877084","2.59742738893639","0","0.00537496447113297","2.85939312868413","0.00319330949757981","0.674562439625118","0.315187564707403","3.4147826653789","0.00542774644629957","0.0133978246964575","0.0621771667462648","0.00466240780638375","0.0458235514404773","0.0137233135433182","0.0126236890606805","0.00998459030235011","0.00105563950333217","8.80331210412969","0.00176819616808138","0.674905522463701","0.00217285797769205","0.0196700827454228","0.00395864813749564","4.47460953874096","70.8288978147119","20.3074778775347","91.1363756922466","8.8636243077534"
"8","S2_MOD13Q1_S1","svmRadialMOD13Q1_S1","20180610_20180626","2018-06-10","2018-06-26","3213","32","16","1990.85","1100.73","7903.09","18.85","753.91","0.06","1400.65","27.87","907.35","2936.09","172.9","10.23","0","196.87","220.59","2326.61","29532.63","5164.09","828.12","0","2093.65","25.54","12.7","472.53","5434.91","4986.94","0","255.97","1187.78","600.82","2438.25","57.67","1569.54","0","322.23","0.03","0","0.51","0","0","0","0.02","482.73","46.52","487.79","20.79","64.35","0","11947.38","51382.66","18257.07","69639.73","18360.41","88000.14","90567.1038393692","84228","97.1656774584269","104.478486963955","2.26232594629963","1.25082755550162","8.98076980332077","0.0214204204675129","0.856714546135949","6.81817097109164e-05","1.59164519510992","0.0316704041607207","1.03107790510333","3.33646060108541","0.196476960150291","0.0116249815057112","0","0.223715553179802","0.250670055752184","2.64387079384192","33.559753427665","5.86827475501743","0.941043957430068","0","2.379143942271","0.0290226811002801","0.014431795222144","0.536965054828322","6.17602426541594","5.66696825709595","0","0.290874537245054","1.34974785267387","0.682748913808546","2.77073422837736","0.0655339866504758","1.78356534432786","0","0.366169872002476","3.40908548554582e-05","0","0.000579544532542789","0","0","0","2.27272365703055e-05","0.548555945479178","0.0528635522625305","0.554305936331465","0.0236249624148325","0.0731248836649578","0","13.5765465827668","58.3892934715786","20.7466374485313","79.1359309201099","20.8640690798901"
"9","S2_MOD13Q1_S1","svmRadialMOD13Q1_S1","20180626_20180712","2018-06-26","2018-07-12","3213","32","16","3177.56","67.01","495.24","2.39","32.37","0","160.68","281.54","1119.4","3454.58","46.48","12.69","0","70.94","4487.22","851.15","30971.91","5570.96","1046.68","0","836.16","26.78","0.7","250.43","6511.95","4035.26","0","44.09","3887.84","25.55","1326.2","321.77","2551.45","0","100.06","0.06","0","0","0","0","0","0","1911.03","145.31","2414.36","52.9","54.43","0","11638.71","55970.98","19639.88","75610.86","12372.98","87983.84","90567.1038393692","84228","97.1476797536212","104.459134729544","3.61152684402045","0.076161713332812","0.562876091791402","0.00271640792218207","0.0367908470464576","0","0.182624445580007","0.319990580088344","1.2722790912513","3.92638011707604","0.0528278829385033","0.0144231031516697","0","0.0806284426776554","5.10005019103508","0.967393557726055","35.2018166063223","6.3317991122006","1.18962754978642","0","0.950356338163917","0.0304374075966678","0.000795600646664206","0.284631814205881","7.40130233006425","4.58636495065458","0","0.0501114750163212","4.41881145446709","0.0290394236032435","1.50732225372296","0.365714885824488","2.89990752847341","0","0.113725429578886","6.81943411426462e-05","0","0","0","0","0","0","2.17202386256385","0.165155328523965","2.74409482468599","0.0601246774407664","0.0618636331399039","0","13.2282360033388","63.6150684034705","22.3221446120106","85.937213015481","14.062786984519"
"10","S2_MOD13Q1_S1","svmRadialMOD13Q1_S1","20180712_20180728","2018-07-12","2018-07-28","3213","32","16","10682.78","57.17","1834.27","14.77","161.1","0","1020.61","67.41","238.98","1751.68","51.03","7.91","0","98.15","2259.54","667.79","29459.38","4912.29","1052.47","0","548.2","55.2","0.99","274.6","5365.59","6778.71","0","31.36","3905.09","29.5","1883.28","196.73","1633.35","0","84.77","0","0","0","0","0","0","0","1497.53","126.01","732.79","19.94","19.3","0","10454.85","57834.93","20230.77","78065.7","9909.42","87975.12","90567.1038393692","84228","97.1380515336271","104.44878187776","12.1429558720693","0.0649842819197064","2.08498721002029","0.0167888375713497","0.183119954823591","0","1.16011208623529","0.0766239364038378","0.27164498326345","1.99110839519173","0.0580050359692604","0.00899117841498824","0","0.111565633556396","2.56838524346429","0.759066881636536","33.4860355973371","5.58372639900918","1.19632687059705","0","0.623130721503989","0.062745012453521","0.0011253181581338","0.312133703256103","6.09898571323347","7.70525803204361","0","0.0356464418576525","4.43885725873406","0.0335322077423708","2.14069614227295","0.223620041666326","1.85660445816954","0","0.0963567881464669","0","0","0","0","0","0","0","1.70221990035365","0.143233677885293","0.832951407170573","0.0226654990638262","0.021938020658568","0","11.8838712581466","65.7400978822194","22.9960129636652","88.7361108458846","11.2638891541154"
"11","S2_MOD13Q1_S1","svmRadialMOD13Q1_S1","20180728_20180813","2018-07-28","2018-08-13","3213","32","16","14756.57","35.81","2258.86","18.38","276.41","0","1123.39","30.5","199.61","848.98","24.68","16.89","0","5.14","1517.04","489.03","25534.08","6992.02","1162.23","0.01","271.04","30.73","2.66","191.48","5857.36","4467.33","0","10.79","3382.4","8.54","1076.57","525.52","4600.47","0","59.34","0","0","0","0","0","0","0","1787.49","32.06","1273.28","26.43","37.3","0","9082.26","60030.35","18767.87","78798.22","9214.46","88012.68","90567.1038393692","84228","97.1795235454368","104.493375124662","16.7664136576684","0.0406873191453777","2.5665165519332","0.0208833545348238","0.314057019965759","0","1.27639562844808","0.0346540975686685","0.226796866087932","0.964611008322891","0.0280414140326144","0.0191904166536004","0","0.00584006759026086","1.72366072706796","0.555635847016589","29.0118196605307","7.94433256662563","1.32052563335192","1.13619992028421e-05","0.307955626393833","0.0349154235503339","0.00302229178795601","0.217559560736021","6.65513196507594","5.07577998988327","0","0.0122595971398667","3.84308261036932","0.00970314731922718","1.22319874818038","0.59709578210776","5.22705364726991","0","0.0674221032696652","0","0","0","0","0","0","0","2.03094599550883","0.0364265694443119","1.44670063449948","0.0300297638931118","0.0423802570266012","0","10.3192630880005","68.2064788846334","21.3240523979045","89.5305312825379","10.4694687174621"
"12","S2_MOD13Q1_S1","svmRadialMOD13Q1_S1","20180813_20180829","2018-08-13","2018-08-29","3213","32","16","18609.35","73.95","1758.51","10.89","229.55","0","822.44","14.54","247.72","447.92","32.75","4.27","0","20.69","1249.93","356.21","15620.99","11392.33","2140.01","0","435.96","145.75","73.11","510.5","5508.27","7188.77","0","17.99","5735.17","34.53","2005.43","539.44","2085.82","0","160.64","0","0","0","0","0","0","0","1599.23","72.76","1285.7","39.35","67.74","0","7487.41","49559.56","27542.28","77101.84","10923.78","88025.62","90567.1038393692","84228","97.1938112939144","104.508738186826","21.1408337708953","0.0840096326501307","1.9977252077293","0.0123713982361044","0.260776351248648","0","0.934318894885375","0.0165179183060568","0.281418068966739","0.508851854721387","0.0372050773399835","0.00485086046539632","0","0.0235045206157026","1.41996159754399","0.404666277840474","17.7459585061713","12.9420616406905","2.43112175750651","0","0.495264901286694","0.165576794574125","0.0830553650175937","0.579944793345392","6.25757591937438","8.16667920089629","0","0.0204372317968337","6.51534178344895","0.0392272158946452","2.27823445037933","0.612821585352083","2.36956013487891","0","0.182492324393739","0","0","0","0","0","0","0","1.81677788807395","0.0826577535040367","1.46059749422952","0.0447028944527741","0.0769548683667323","0","8.5059440649211","56.3012904652077","31.2889361074651","87.5902265726728","12.4097734273272"
"13","S2_MOD13Q1_S1","svmRadialMOD13Q1_S1","20180829_20180914","2018-08-29","2018-09-14","3213","32","16","23558.92","56.77","1713.22","8.29","379.29","0","1633.61","90.45","117.7","508.48","13.96","83.56","0","42.79","1947.77","258.48","14466.16","2768.38","1985.09","0","196.74","11.75","2.8","2539.28","7156.47","7795.72","0","17.01","4153.85","27.99","2085.63","707.76","4641.91","0","99.15","0","0","0","0","0","0","0","1060.48","52.08","0","0","0","0","7832.25","57773.41","18246.96","76020.37","11993.42","88013.79","90567.1038393692","84228","97.1807491560095","104.494692976207","26.7673054415677","0.0645012559963615","1.94653587807092","0.00941897854870242","0.430943832778932","0","1.85608414317802","0.102767986698448","0.133729044050938","0.577727649269506","0.0158611508492022","0.0949396679770295","0","0.048617381435341","2.21302820842052","0.293681251540242","16.4362425479007","3.14539346618297","2.25543065467355","0","0.223533153157022","0.0133501806932755","0.00318131965456777","2.88509334730387","8.13107809583021","8.85738473482394","0","0.0193265169014992","4.71954451683083","0.0318018346897685","2.36966275398435","0.804146713827458","5.27407125633381","0","0.112652801339426","0","0","0","0","0","0","0","1.20490209545572","0.0591725455749605","0","0","0","0","8.89888959446014","65.6413159801436","20.73193303004","86.3732490101835","13.6267509898165"
"14","S2_MOD13Q1_S1","svmRadialMOD13Q1_S1","20180914_20180930","2018-09-14","2018-09-30","3213","32","16","26765.79","76.4","2371.28","1.9","213.06","0.3","1056.92","36.17","78.14","341.59","6.67","7.87","0","41.7","1441.39","237.55","11161.78","4083.42","4106.68","0.21","154.77","4.34","6.79","119.65","6225.62","4259.49","0","16.4","3365.88","19.31","895.8","935.89","9464.17","0","108.17","0","0","0","0","0","0","0","923.97","83.39","846.56","8.89","34.32","0","7607.38","61302.88","14355.22","75658.1","11451.51","87109.61","90567.1038393692","84228","96.1823954915225","103.42120197559","30.7265639233146","0.0877055929879608","2.72217956204832","0.00218116003504091","0.244588398455693","0.000344393689743302","1.21332192854497","0.0415223991933841","0.089703076388472","0.392138134931381","0.00765701970195941","0.00903459446093261","0","0.0478707228743189","1.65468540153033","0.272702403328404","12.81348866101","4.68768026857198","4.71438225931674","0.000241075582820311","0.177672704538569","0.00498222871161976","0.00779477717785673","0.137355683259287","7.14688080913231","4.88980492508232","0","0.0188268550393005","3.86395944144395","0.0221674738298105","1.0283595575735","1.07438203431286","10.8646680888595","0","0.124176884731776","0","0","0","0","0","0","0","1.06069812504039","0.0957299659589797","0.971833073296965","0.0102055330060598","0.0393986381066337","0","8.73311222493133","70.3744167836362","16.4794906095895","86.8539073932256","13.1460926067744"
"15","S2_MOD13Q1_S1","svmRadialMOD13Q1_S1","20180610_20180626","2018-06-10","2018-06-26","3215","32","16","3806.62","1067.05","16084.97","1.54","420.68","1.62","939.11","39.58","466.77","3948.24","87.95","19.64","0.06","43.7","525.91","1350.25","38666.05","3223.41","927.68","2.07","848.16","17.68","0.06","152.48","2775.53","3503.94","0.05","28.31","2459.25","169.77","7078.3","66.52","2973.66","0.17","117.46","5.39","1.1","396.58","0","2.54","0","1.02","618.74","5.76","330.06","4.26","37.95","0.02","6826.63","55515.26","16502.91","72018.17","28026.12","100044.29","101472.217492708","96482","98.5927897034371","103.692180924939","3.80493479437957","1.0665776127753","16.0778491206245","0.0015393182359533","0.420493763312229","0.00161928281963918","0.938694252315649","0.0395624777785919","0.46656335908826","3.94649209864951","0.0879110641896704","0.0196313052948849","5.99734377644141e-05","0.043680653838415","0.525677177578051","1.34965223902334","38.6489323878454","3.2219829837365","0.927269312421528","0.00206908360287229","0.847784516237758","0.0176721729945807","5.99734377644141e-05","0.152412496505298","2.77430126197107","3.50238879200402","4.99778648036785e-05","0.0282974670518427","2.45816128036892","0.16969484215441","7.07516640879754","0.0664905513348138","2.97234354904213","0.000169924740332507","0.117407999996801","0.00538761382583654","0.00109951302568093","0.396404432476856","0","0.00253887553202687","0","0.00101954844199504","0.61846608137256","0.00575745002538376","0.329913881142042","0.0042581140812734","0.0379331993859919","1.99911459214714e-05","6.82360782409471","55.4906831764212","16.4956040969455","71.9862872733666","28.0137127266334"
"16","S2_MOD13Q1_S1","svmRadialMOD13Q1_S1","20180626_20180712","2018-06-26","2018-07-12","3215","32","16","5218.38","77.25","1926.81","1.52","32.32","0","221.27","102.54","489.79","2457.82","1.71","0.42","0","13.22","5429.35","616.9","51657.25","7371.09","663.05","0","966.43","8.22","0","206.77","3942.61","1993.62","0","7.99","3590.86","3.22","1939.46","499.7","1778.37","0","71.09","0.11","0.32","3.45","0.09","0.02","0","0","1658.99","3.88","923.84","26.8","28.95","0","6161.7","69248.1","17555.62","86803.72","13293.46","100097.18","101472.217492708","96482","98.6449123447934","103.74699944031","5.21331370174464","0.0771750013337039","1.92493934394555","0.00151852429808712","0.0322886219172208","0","0.221055178577458","0.102440448372272","0.48931448418427","2.455433809424","0.00170833983534801","0.000419592240260914","0","0.013207165276784","5.42407888014428","0.616301078611805","51.6070982219479","7.36393372920196","0.662406273583332","0","0.965491735131799","0.00821201955939218","0","0.206569255997022","3.93878229136925","1.99168448102134","0","0.00798224285639216","3.58737379015073","0.00321687384200034","1.93757706261056","0.49921486299614","1.77664345788762","0","0.0710209818098772","0.00010989320578262","0.000319689325913078","0.00344665054500037","8.99126229130531e-05","1.99805828695674e-05","0","0","1.65737935873918","0.00387623307669607","0.922943083911055","0.0267739810452203","0.0289218937036987","0","6.15571787337066","69.1808700305044","17.5385760118317","86.7194460423361","13.2805539576639"
"17","S2_MOD13Q1_S1","svmRadialMOD13Q1_S1","20180712_20180728","2018-07-12","2018-07-28","3215","32","16","6976.99","1710.18","3608.68","92.41","429.24","164.68","3022.32","86.2","115.12","872.7","2.52","0.25","104.15","2.58","8960.54","8284.58","32637.17","4957.73","1127.53","2274.38","839.39","205.59","3.2","650.82","6995.73","3978.96","0.03","9.19","2019.95","175.47","735.77","255.64","1262.4","4.62","37.35","0","0","0","0","0","0","0","253.29","131.96","476.21","16.65","12.71","17.25","6533.22","54520.63","19793.97","74314.6","25730.75","100045.35","101472.217492708","96482","98.5938343243454","103.693279575465","6.97382736928803","1.70940478493003","3.60704420545283","0.0923681110616335","0.429045427898448","0.164605351473107","3.02094999917537","0.0861609260200499","0.115067816745106","0.872304409950088","0.00251885769803394","0.000249886676392256","0.104102789385014","0.00257883050036808","8.95647823711947","8.28082464602303","32.6223757525962","4.95548268860072","1.12701889693024","2.27334903621208","0.839009509187584","0.205496807197936","0.00319854945782088","0.650524986918433","6.99255887455039","3.97715635959093","2.99864011670707e-05","0.00918583422417934","2.01903436791415","0.175390460426197","0.735436479556521","0.255524119811665","1.26182776111034","0.00461790577972889","0.0373330694530031","0","0","0","0","0","0","0","0.253175185053578","0.131900183266888","0.475994136659025","0.0166424526477243","0.0127042386277823","0.0172421806710657","6.53025852775766","54.4959161020477","19.7849975036321","74.2809136056798","25.7190863943202"
"18","S2_MOD13Q1_S1","svmRadialMOD13Q1_S1","20180728_20180813","2018-07-28","2018-08-13","3215","32","16","5864.23","516.37","11139.43","55.58","598.85","0","328.34","239.32","1454.88","8585.99","13.83","36.18","0.01","88.07","1655.69","1682.44","28047.76","5526.22","1568.42","0.04","505.01","180.94","0.37","323.89","6376.31","5433.1","0","6.07","2051.19","2.48","712.09","503.08","3523.92","0","18.33","46.73","114.94","2353.36","5.61","6.47","0.07","37.31","3917.53","32.45","723.79","3.31","9.99","0","5756.46","51023.63","29215.79","80239.42","19807.03","100046.45","101472.217492708","96482","98.5949183649105","103.694419684501","5.86150732984529","0.516130257495393","11.1342581370953","0.055554195076387","0.598571963323037","0","0.328187556879829","0.239208887471769","1.45420452199953","8.58200365930026","0.0138235789475789","0.0361632021925816","9.99535715660076e-06","0.0880291104781829","1.65492128906123","1.68165886945514","28.0347378642621","5.52365426259503","1.56769180715558","3.9981428626403e-05","0.504775531765495","0.180855992391534","0.000369828214794228","0.323739622945142","6.3733495791205","5.43057749675276","0","0.00606718179405666","2.05023766460479","0.00247884857483699","0.711759387764384","0.502846427834271","3.52228389912886","0","0.0183214896680492","0.0467083039927954","0.114886635157969","2.3522673718058","0.00560739536485303","0.00646699608032069","6.99675000962053e-05","0.0372926775512774","3.91571115216982","0.0324349339731695","0.723453955637606","0.00330846321883485","0.00998536179944416","0","5.7537873657686","50.9999405276249","29.2022255662245","80.2021660938494","19.7978339061506"
"19","S2_MOD13Q1_S1","svmRadialMOD13Q1_S1","20180813_20180829","2018-08-13","2018-08-29","3215","32","16","10110.99","144.48","2119.1","37.97","276.04","0.05","1266.23","33.4","984.3","2516.58","252.58","12.44","0","11.2","956.17","1548.54","37944.22","9059.29","1903.27","1.22","505.33","165.43","20.21","202.4","3623.52","8466.23","0","6.43","6007.24","54.83","1829.27","402.74","2774.11","0","109.77","0.01","0","0.11","0","0","0","0","1070.95","125.09","1428.47","49.86","120.44","0.02","3945.12","59382.26","28855.48","88237.74","11847.91","100085.65","101472.217492708","96482","98.6335496286876","103.735049024689","10.1023373480614","0.144356358778706","2.117286544075","0.0379375065256608","0.275803774067511","4.99572116482233e-05","1.2651464021066","0.0333714173810132","0.983457668506924","2.51442639379372","0.252363850362165","0.012429354258078","0","0.011190415409202","0.955351741233633","1.54721481051479","37.9117485873349","9.05153735825266","1.90164124427428","0.00121895596421665","0.504897555243934","0.165288430459312","0.0201927049482119","0.202226792752008","3.6204191110314","8.45898487945075","0","0.00642449741796152","6.00209920203346","0.0547830782934417","1.82770457103491","0.402395348384109","2.77173600810905","0","0.109676062452509","9.99144232964466e-06","0","0.000109905865626091","0","0","0","0","1.07003351629329","0.124982952101525","1.42724756246275","0.0498173314556083","0.12033693141824","1.99828846592893e-05","3.94174389635277","59.3314426193965","28.8307864314215","88.162229050818","11.837770949182"
"20","S2_MOD13Q1_S1","svmRadialMOD13Q1_S1","20180829_20180914","2018-08-29","2018-09-14","3215","32","16","15099.86","99.87","1899.26","19.6","422.8","0","790.07","115.88","587.47","1827.56","248.22","45.5","4.16","36.9","1777.57","1840.04","30746.01","9526.25","1890.82","21.98","191.36","37.66","1.55","663.54","7306.47","5402.77","0","14.34","5331.76","21.93","1508.41","928","5680.89","0","82.18","0.03","0","1.26","0","0","0","0","1501.4","67.63","559.17","9.07","16.34","0.05","3692.28","63112.98","24794.73","87907.71","12110.2","100017.91","101472.217492708","96482","98.5667924397014","103.664839037333","15.0971560993426","0.0998521164859374","1.89891990344529","0.0195964902685929","0.422724290079647","0","0.789928523801387","0.115859249608395","0.587364802963789","1.8272327426158","0.24817555175868","0.0454918524092335","0.00415925507741564","0.0368933923934223","1.77725169422157","1.83971050784804","30.7405043756663","9.52454415414199","1.89048141477861","0.021976064086922","0.191325733561119","0.0376532563017963","0.00154972244471015","0.663421181266435","7.30516164554928","5.40180253716559","0","0.0143374321658991","5.33080525277923","0.0219260730403185","1.50813989214532","0.927833824961949","5.6798727347932","0","0.0821652841976002","2.9994627962132e-05","0","0.00125977437440954","0","0","0","0","1.5011311474115","0.0676178896359662","0.559069870586178","0.00906837585388457","0.0163370740300412","4.99910466035533e-05","3.69161883106736","63.1016784893826","24.7902900590504","87.891968548433","12.108031451567"
"21","S2_MOD13Q1_S1","svmRadialMOD13Q1_S1","20180914_20180930","2018-09-14","2018-09-30","3215","32","16","18777.89","157.7","2256.06","32.64","409.84","84.05","2045.39","31.29","57.95","2337.56","102.7","72.48","1.88","14.61","1757","309.73","22182.84","6871.69","5666.97","121.9","308.87","106.95","113.28","520.35","10353.33","6921.8","1.02","20.32","3930.43","81.61","953.79","623.56","7731.66","12.73","117.64","0","0","4.2","21.64","0.35","0","0","676.95","36.49","116.8","1.75","14.31","1.13","3891.49","62995.16","23456.32","86451.48","13403.14","99854.62","101472.217492708","96482","98.4058715452588","103.49559503327","18.8052290419812","0.157929598049645","2.2593446352307","0.0326875211182016","0.410436692864086","0.0841723697912025","2.04836791727814","0.031335555630776","0.0580343703676405","2.34096329243454","0.102849522636008","0.0725855248360066","0.00188273712322975","0.014631270941695","1.75955804548653","0.310180941052102","22.2151363652478","6.88169460762056","5.67522063576027","0.12207747623495","0.309319688963816","0.107105710281607","0.113444926233759","0.52110758620883","10.3684035851321","6.93187756360197","0.0010214850349438","0.0203495842255471","3.93615237832761","0.0817288173546702","0.955178638704949","0.624467851362311","7.74291665222901","0.0127485338184653","0.117811274030185","0","0","0.00420611484976859","0.0216715060354744","0.000350509570814049","0","0","0.677935582750202","0.0365431263971562","0.116970051060231","0.00175254785407025","0.0143308341667116","0.00113164518577107","3.89715568493476","63.0868756998925","23.4904704459343","86.5773461458268","13.4226538541732"
"22","S2_MOD13Q1_S1","svmRadialMOD13Q1_S1","20180610_20180626","2018-06-10","2018-06-26","3517","35","16","363.81","0.13","42.03","11.89","9.61","0","499.39","173.65","0.73","56.48","57.53","16.24","0","370.52","148.43","3.48","230.71","452.85","169.84","0","375.17","313.86","0.09","114.07","1218.34","446.8","0","1546.21","107.41","0.28","30.7","82.22","119.61","0","451.71","0","0","0","0","0","0","0","5632.3","7.82","123.97","760.04","348.53","0","24152.54","26085.74","7828.82","33914.56","4524.43","38438.99","41986.210195564","48704","91.5514637328739","78.9236818331143","0.946460872150907","0.000338198272119013","0.109342102901247","0.0309321342730389","0.0250006568851055","0","1.29917565471934","0.451754845795896","0.00189911337420676","0.14693414160986","0.149665743038514","0.0422487687631751","0","0.963917106042589","0.386144381004808","0.00905330759210895","0.600197872004441","1.17810067330073","0.441843034897639","0","0.976014198083769","0.816514689902102","0.000234137265313163","0.296755976158583","3.16954217579598","1.16236144602134","0","4.02250423333183","0.279429818525409","0.00072842704764095","0.0798668227234899","0.213897399489425","0.311168425601193","0","1.17513493460676","0","0","0","0","0","0","0","14.6525702158147","0.0203439268305437","0.322511075343031","1.97726319031796","0.906709567551072","0","62.8334407329641","67.8627091918908","20.3668722825444","88.2295814744352","11.7704185255648"
"23","S2_MOD13Q1_S1","svmRadialMOD13Q1_S1","20180626_20180712","2018-06-26","2018-07-12","3517","35","16","1521.79","0.5","43.74","173.2","121.55","0","4665.22","0.53","0.22","6.29","2.41","0.28","0","2.8","38.45","2.63","76.14","225.44","47.89","0","207.74","51.75","0.16","59.56","1055.02","651.69","0","765.08","98.03","0.42","34.25","296.89","252.67","0","428.41","0","0","0","0","0","0","0","2894.07","20.67","151.83","345.91","215.65","0","23829.94","26735.78","8991.27","35727.05","2561.77","38288.82","41986.210195564","48704","91.1937986821334","78.615349868594","3.97450221761862","0.00130586421832796","0.11423700181933","0.452351365228806","0.317455591475527","0","12.1842877372559","0.00138421607142764","0.000574580256064303","0.0164277718665658","0.00629426553234077","0.000731283962263658","0","0.00731283962263658","0.10042095838942","0.00686884578840507","0.198857003166982","0.588788058759711","0.125075674831452","0","0.542560465430901","0.135156946596944","0.000417876549864948","0.155554545687227","2.75542573524073","1.7020373048843","0","1.99818119231671","0.25602773864538","0.00109692594339549","0.0894516989554653","0.775396055558777","0.659905424089852","0","1.11889057954776","0","0","0","0","0","0","0","7.5585249166728","0.0539844267856779","0.396538728537469","0.90342298352365","0.56321923736485","0","62.2373319418044","69.8265969021767","23.4827555406513","93.309352442828","6.69064755717204"
"24","S2_MOD13Q1_S1","svmRadialMOD13Q1_S1","20180712_20180728","2018-07-12","2018-07-28","3517","35","16","4189.09","7.36","49.25","27.08","71.07","0","454.98","10.4","2.96","12.61","0.22","0.66","0","0.22","77.1","7.25","124.29","82.08","54.08","0","46.34","2.34","0.75","29.59","920.77","440.92","0","709.84","274.51","0.35","58.06","66.56","303.9","0","605.29","0","0","0","0","0","0","0","13042.24","42.91","190.71","229.83","211.89","0","16982.98","22523.99","14973.65","37497.64","1832.84","39330.48","41986.210195564","48704","93.6747561087459","80.7541064388962","10.651001462479","0.0187132219083011","0.125220948231499","0.0688524523473906","0.180699549052033","0","1.15681273149984","0.0264425961747734","0.00752596968051242","0.0320616478619127","0.000559362611389436","0.00167808783416831","0","0.000559362611389436","0.196031169718752","0.0184335406026064","0.316014449861787","0.20869310519475","0.137501500108821","0","0.117822106417211","0.00594958413932401","0.00190691799337308","0.0752342712318792","2.34111050767751","1.12106437551741","0","1.80480889122126","0.697957411147792","0.000889895063574103","0.147620878260321","0.169232615518549","0.772683170914771","0","1.53898452294505","0","0","0","0","0","0","0","33.1606428398535","0.109101134794185","0.484891107354907","0.584355949889246","0.538742471487762","0","43.1802001907935","57.2685357514071","38.0713634819611","95.3398992333681","4.66010076663188"
"25","S2_MOD13Q1_S1","svmRadialMOD13Q1_S1","20180728_20180813","2018-07-28","2018-08-13","3517","35","16","11057.55","315.55","44.68","74.37","32.36","0","5530.77","12.47","38.34","4.46","0.84","0","0","5.49","141.29","19.12","83.76","67.28","39.11","0","120.88","28.75","0.02","11.6","107.87","337.78","0","845.79","681.68","3.45","18.32","48.23","103.04","0","232.87","0","0","0","0","0","0","0","7330.3","257.24","65.02","11.63","56.97","0","11741.78","23132.34","14773.85","37906.19","1564.47","39470.66","41986.210195564","48704","94.0086276331037","81.0419267411301","28.0146062923701","0.799454582213725","0.113198005809885","0.188418435364395","0.0819849478068013","0","14.0123575334185","0.0315930871183811","0.0971354418699865","0.011299532361506","0.00212816304566481","0","0","0.0139090656198807","0.357962091335691","0.0484410445632275","0.212208257982005","0.17045572584801","0.0990862579951792","0","0.306252796380907","0.0728389137653133","5.06705487063049e-05","0.0293889182496568","0.273291604447455","0.855774897100783","0","2.14283216951528","1.7270549821057","0.00874066965183759","0.0464142226149753","0.122192028205254","0.261054666934883","0","0.589982533861861","0","0","0","0","0","0","0","18.5715161590913","0.651724597460493","0.164729953844197","0.0294649240727163","0.144335057989909","0","29.7481217694358","58.6064180330402","37.4299543002321","96.0363723332724","3.96362766672764"
"26","S2_MOD13Q1_S1","svmRadialMOD13Q1_S1","20180813_20180829","2018-08-13","2018-08-29","3517","35","16","10030.78","105.62","125.17","33.99","44.51","0","8071.28","67.36","99.35","289.77","4.7","0.26","0","172.28","26.95","2.54","115.25","23.25","15.86","0","44.01","4.1","1.05","8.81","175.3","64.48","0","56.48","140.07","1.59","54.31","13.7","117.89","0","241.89","0","0","0","0","0","0","0","3008.91","145.18","204.13","83","98.68","0","14961.94","25500.51","12159.4","37659.91","994.53","38654.44","41986.210195564","48704","92.064608403461","79.3660479632063","25.9498779441637","0.27324157328369","0.323817910697969","0.0879329774276901","0.115148479708929","0","20.8806025905433","0.174261999397741","0.257020926962077","0.749642214451949","0.0121590171788804","0.000672626482235935","0","0.445692655229257","0.0697203219086863","0.00657104332645874","0.298154623375736","0.0601483296614826","0.041030215416392","0","0.11385496724309","0.0106068022198744","0.00271637617826051","0.0227916896480715","0.453505470522921","0.166811367594512","0","0.146115168141098","0.362364582179951","0.00411336964136591","0.14050132403936","0.0354422415639704","0.304984369195363","0","0.62577546072327","0","0","0","0","0","0","0","7.78412518717125","0.375584279580819","0.528089399303159","0.214723069329164","0.255287620257854","0","38.7069118062505","65.9704551404703","31.4566709542293","97.4271260946996","2.5728739053004"
"27","S2_MOD13Q1_S1","svmRadialMOD13Q1_S1","20180829_20180914","2018-08-29","2018-09-14","3517","35","16","166.58","8.07","55.46","20.96","36.44","0","9896.93","6.02","2.64","90.16","41.46","2.83","0","212.64","39.84","3.71","98.18","203.08","47.4","0","405.7","5.82","0","20.05","14.15","19.97","0","274.04","45.17","0.28","10.18","4.82","21.11","0","260.51","0","0","0","0","0","0","0","347.1","57.21","400.75","130.74","80.82","0","22599.91","22902.57","10934.5","33837.07","1793.66","35630.73","41986.210195564","48704","84.8629343635414","73.1577077858081","0.467517785911207","0.0226489886679279","0.155652157561745","0.0588256260817558","0.102271269771908","0","27.7763885275435","0.0168955281017257","0.00740933458281658","0.253040002267705","0.116360231743778","0.00794258214748898","0","0.596788221852317","0.111813594613414","0.0104123603417612","0.275548662629141","0.569957449650905","0.133031234555116","0","1.13862387888208","0.0163342148757547","0","0.056271650903588","0.0397129107374449","0.0560471256131996","0","0.769111382225399","0.12677259208554","0.000785838516359334","0.0285708432019215","0.0135276487459","0.0592466110012341","0","0.731138542488464","0","0","0","0","0","0","0","0.974159103672588","0.160563648288991","1.1247313765393","0.366930455817212","0.226826674614862","0","63.428141943766","64.2775772486278","30.6883973468969","94.9659745955247","5.03402540447529"
"28","S2_MOD13Q1_S1","svmRadialMOD13Q1_S1","20180914_20180930","2018-09-14","2018-09-30","3517","35","16","442.84","5.31","100.04","21.92","44.33","0","16.63","19.58","9.7","42.31","0.29","0.55","0","0","190.53","16.41","248.16","162.95","69.79","0","0","10.77","0.65","51.63","331.92","20.56","0","0","50","0.65","21.29","90.82","46.08","0","0","0","0","0","0","0","0","0","11282.22","114.72","192.1","282.95","58.22","0","22204.13","23282.83","11714.93","34997.76","1152.29","36150.05","41986.210195564","48704","86.099816657945","74.2239857095926","1.22500522129292","0.0146887763640714","0.276735440199944","0.0606361540302157","0.122627769532822","0","0.0460027026242011","0.0541631339375741","0.0268326046575316","0.117039948769089","0.000802211891823109","0.00152143634656107","0","0","0.527053212927783","0.0453941280855766","0.686472079568355","0.450760095767502","0.193056441139086","0","0","0.0297924899135686","0.0017980611368449","0.142821379223542","0.918173003910091","0.0568740568823556","0","0","0.138312395141915","0.0017980611368449","0.0588934178514276","0.251230634535775","0.127468703362789","0","0","0","0","0","0","0","0","0","31.2094174143604","0.317343959413611","0.531396222135239","0.782709844108099","0.161050952903246","0","61.4221280468492","64.4060796596409","32.4064005443976","96.8124802040384","3.18751979596155"
"29","S2_MOD13Q1_S1","svmRadialMOD13Q1_S1","20180610_20180626","2018-06-10","2018-06-26","3518","35","16","1234.81","14.24","149.77","9.04","13.75","0","1262.03","187.72","6.91","153.26","36.72","8.61","0","767.48","167.17","23.26","205.84","118.35","62.36","0","264.03","107.83","0.51","81.51","308.13","197.88","0","461.74","248.97","2.58","94.38","14.54","83.36","0","484.25","0","0","0","0","0","0","0","8037.39","78.86","314.91","176.82","183.86","0","22827.28","24666.33","10785.53","35451.86","2938.29","38390.15","40661.3431182939","42918","94.4143676914792","89.4499976699753","3.21647610129161","0.0370928480352382","0.390126113078485","0.0235477068987748","0.0358164789666099","0","3.28737970547132","0.488979595026328","0.0179994087024927","0.399216986648919","0.095649535102103","0.0224276279201826","0","1.99915863834864","0.435450239188959","0.0605884582373343","0.536179202217235","0.308282202596239","0.162437500244203","0","0.687754541203929","0.28087934014324","0.00132846576530699","0.212320087314064","0.802627757380474","0.515444716939111","0","1.20275643622127","0.648525728604863","0.00672047387155299","0.245844311626811","0.0378742984854188","0.217139031756844","0","1.26139126833315","0","0","0","0","0","0","0","20.936073445923","0.205417275004135","0.820288537554555","0.460586895336434","0.478924932567338","0","59.4612941079938","64.2517156093425","28.0945242464538","92.3462398557963","7.65376014420366"
"30","S2_MOD13Q1_S1","svmRadialMOD13Q1_S1","20180626_20180712","2018-06-26","2018-07-12","3518","35","16","2905.93","46.17","231.38","61.14","115.17","4.13","6517.52","13.98","10.53","20.79","3.78","0.78","0","76.24","205.58","30.42","193.78","132.5","80.16","0.12","356.77","21.22","0.34","39.85","199.3","201.1","0","201.82","119.19","2.55","83.37","51.19","74.75","1.09","217.76","0","0","0","0","0","0","0","1939.22","116.49","326.3","79.12","90.73","3.16","23512.56","26896.85","9332.61","36229.46","2058.52","38287.98","40661.3431182939","42918","94.1630970934993","89.2119390465539","7.58966652197374","0.120586147401874","0.604314983449114","0.159684579860311","0.300799363142166","0.0107866750870639","17.0223657659662","0.0365127645804245","0.0275021037934098","0.0542990254382707","0.00987255007968558","0.00203719287358591","0","0.199122544464346","0.536930911476657","0.0794505220698506","0.506111839799331","0.346061609936069","0.209360744546983","0.000313414288243987","0.931806796806726","0.0554220933044783","0.000888007150024629","0.104079661554357","0.520528897058555","0.525230111382214","0","0.527110597111678","0.31129874179834","0.00666005362518472","0.21774457675751","0.133697311793414","0.19523098371865","0.00284684645154955","0.568742461733421","0","0","0","0","0","0","0","5.06482713373753","0.30424692031285","0.852225685450107","0.206644487382202","0.236967319769808","0.00825324292375832","61.4097688099503","70.248809156294","24.3747776717393","94.6235868280332","5.37641317196676"
"31","S2_MOD13Q1_S1","svmRadialMOD13Q1_S1","20180712_20180728","2018-07-12","2018-07-28","3518","35","16","3628.49","62.39","212.06","10.38","51.31","0","1164.59","45.56","40.33","92.62","1.07","1.32","0","26.2","289.23","29.37","308.23","90.29","66.31","0","115.46","2.98","2.33","40.77","213.31","180.5","0","87.61","105.54","1.57","41.64","29.63","118.38","0","266.27","5.32","0.02","1.65","0","0.15","0","1.36","12836.68","747.56","1072.55","143.82","157.66","0","16218.84","20527.58","15602.07","36129.65","2381.7","38511.35","40661.3431182939","42918","94.7124394980287","89.7323966634046","9.4218717339174","0.162004188375635","0.550642862428868","0.026953093049192","0.133233449359734","0","3.02401759481296","0.118302786061771","0.104722374053364","0.24050052776649","0.00277840169196873","0.0034275609657932","0","0.0680318918968044","0.751025347073006","0.0762632314888987","0.800361451883665","0.234450363334446","0.172183005789202","0","0.299807719023093","0.00773797854398768","0.00605016443204406","0.105864894375295","0.553888658797991","0.468692995701267","0","0.227491375919047","0.274049079037738","0.00407672023961767","0.108123968648204","0.0769383571336762","0.307389899341363","0","0.691406559364966","0.0138141093469847","5.19327419059576e-05","0.0042844512072415","0","0.000389495564294682","0","0.00353142644960512","33.3321994684684","1.94114202696088","2.78502311656174","0.373448347045741","0.409385804444664","0","42.1144415867011","53.3026757046949","40.5129137254342","93.815589430129","6.18441056987096"
"32","S2_MOD13Q1_S1","svmRadialMOD13Q1_S1","20180728_20180813","2018-07-28","2018-08-13","3518","35","16","7038.82","162.78","267.72","43.11","54.36","0","8241.65","214.71","255.95","199.28","27.52","0.22","0","197.89","301.45","37.12","690.78","280.03","115.92","0","344.83","29.83","0.06","24.89","77.31","166.15","0","190.26","294.8","2.21","14.84","46.93","64.12","0","152.93","0","0","0","0","0","0","0","3288.21","130.39","269.98","44.38","36.92","0","14133.97","22260.95","13133.14","35394.09","2048.23","37442.32","40661.3431182939","42918","92.0833330346984","87.2415303602218","18.7991021923855","0.434748701469353","0.715019795781885","0.115137096205577","0.14518331129054","0","22.0115900937762","0.573442030301541","0.683584777866329","0.532231977078343","0.0734997190345043","0.000587570428328159","0","0.528519600281179","0.805105025543289","0.0991391559070058","1.84491772945694","0.74789703202152","0.309596200235456","0","0.920963230910905","0.0796692085319499","0.000160246480453134","0.0664755816413086","0.206477590063864","0.443749212121471","0","0.508141589516889","0.787344373959733","0.00590241203002378","0.0396342961654086","0.125339455461093","0.171250072110916","0","0.408441570928297","0","0","0","0","0","0","0","8.78206799151335","0.348242309771403","0.72105574654562","0.118528980041835","0.098605000972162","0","37.7486491221698","59.4539814840533","35.0756577049713","94.5296391890246","5.47036081097539"
"33","S2_MOD13Q1_S1","svmRadialMOD13Q1_S1","20180813_20180829","2018-08-13","2018-08-29","3518","35","16","4465.3","87.69","130.18","54.68","20.15","0","5531.48","37.22","6.08","119.74","106.69","2.03","0","317.23","142.98","8.78","262.28","623.43","34.69","0","395.6","9.99","0.06","6.31","318.61","34.29","0","150.03","139.17","3.44","24.52","65.71","53.53","0","151.54","0","0","0","0","0","0","0","1866.68","72.69","211.71","437.99","64.32","0","20625.06","25730.86","8667.37","34398.23","2183.65","36581.88","40661.3431182939","42918","89.9672199552638","85.2366839088494","12.2063163511553","0.239708839458224","0.355859239601683","0.149472908445383","0.0550819148715156","0","15.120819378337","0.10174436086937","0.0166202502441099","0.32732052043252","0.291647121471067","0.00554919539400381","0","0.867177958049176","0.390849240115598","0.024000953477514","0.716966979280452","1.704204376593","0.0948283685802917","0","1.08140970338321","0.0273086019635951","0.00016401562740898","0.0172489768158443","0.870950317479583","0.0937349310642318","0","0.410121076336153","0.380434247775128","0.00940356263811483","0.0670277197344696","0.179624447950734","0.146329275586711","0","0.414248802959279","0","0","0","0","0","0","0","5.10274485619657","0.198704932605979","0.578729141312584","1.19728674414765","0.175824752582426","0","56.3805359374641","70.3377191112102","23.6930688089294","94.0307879201397","5.9692120798603"
"34","S2_MOD13Q1_S1","svmRadialMOD13Q1_S1","20180829_20180914","2018-08-29","2018-09-14","3518","35","16","624.04","98.55","133.92","15.17","31.29","0","3874.5","36.72","7.27","36.83","2.42","0.83","0","94.72","37.09","17","155.44","180.22","105.04","0","262.13","79.19","9.73","152.4","483.71","253.15","0","632.93","18.22","3.35","11.19","12.36","24.37","0","139.95","0","0","0","0","0","0","0","1989.3","182.46","720.55","427.59","380.02","0","23651.52","24946.35","6813.25","31759.6","3125.57","34885.17","40661.3431182939","42918","85.7944360040208","81.2833077030617","1.78884035823819","0.282498265022071","0.383888053290266","0.0434855269445441","0.0896942740998539","0","11.106438638539","0.105259627515073","0.0208398009813339","0.105574947750004","0.00693704516847704","0.00237923449993221","0","0.271519387751299","0.106320250123477","0.048731309034756","0.445576157433087","0.516609206720219","0.301102158882987","0","0.751408119840035","0.227001903674255","0.0278915080534221","0.436861852758636","1.38657773489423","0.725666522479323","0","1.81432396631577","0.0522284970948973","0.00960293442743722","0.0320766675352306","0.0354305282158579","0.0698577647751179","0","0.401173335259653","0","0","0","0","0","0","0","5.70242312134354","0.523030273322446","2.06549086617609","1.22570708412773","1.08934541525812","0","67.7982076624537","71.5098994787757","19.5305053694736","91.0404048482493","8.95959515175073"
"35","S2_MOD13Q1_S1","svmRadialMOD13Q1_S1","20180914_20180930","2018-09-14","2018-09-30","3518","35","16","2852.81","3.01","111.11","59.81","112.3","0","129.98","129.07","6.28","78.2","4.96","11.16","0","102.71","358.72","6.81","436.76","266.03","183.44","0","0","11.73","0.36","35.43","901.4","175.24","0","0","93.56","0.06","86.32","335.79","284.28","0","0","0","0","0","0","0","0","0","8957.01","22.35","360.36","484.58","229.43","0","19405.23","23886.76","9854.51","33741.27","2495.02","36236.29","40661.3431182939","42918","89.1172972190802","84.4314506733771","7.87279823624328","0.00830658988544357","0.306626313013832","0.165055528587502","0.309910313666217","0","0.358701180501646","0.356189885885117","0.017330692518467","0.215805757156707","0.0136879354922924","0.0307978548576579","0","0.283445131938176","0.989946818507082","0.0187933146577644","1.20531102935759","0.734153523994868","0.506232840061717","0","0","0.032370863573506","0.000993479188956706","0.0977749101798225","2.48756150257104","0.483603591868815","0","0","0.258194202552193","0.000165579864826118","0.238214232196508","0.926667713499368","0.784517399546146","0","0","0","0","0","0","0","0","0","24.7183417507697","0.0616784996477288","0.994472668145663","1.337278181624","0.633149806450936","0","53.5519226719954","65.9194415322319","27.1951405621271","93.114582094359","6.885417905641"
"36","S2_MOD13Q1_S1","svmRadialMOD13Q1_S1","20180610_20180626","2018-06-10","2018-06-26","3522","35","16","9655.79","43.44","435.87","20.05","65.27","0","5594.57","734.49","122.06","507.55","27.09","38.82","0","1053.73","252.54","97.73","747.02","485.42","166.77","0","392.26","82.58","0.72","70.06","594.81","478.12","0","1280.77","690.08","3.94","122.21","57.09","218.36","0","1292.58","0","0","0","0","0","0","0","19810","271.57","660.36","13.33","20.48","0","24890.44","36228.48","29911.76","66140.24","4857.73","70997.97","76902.5127749522","78677","92.3220418138595","90.2398032461838","13.6000930730836","0.0611848479611459","0.613918961344951","0.0282402440520483","0.091932205948987","0","7.87990135492606","1.03452253634857","0.171920408428579","0.714879594444743","0.0381560205172063","0.0546776196558859","0","1.48416919526009","0.355700310868043","0.137651823002827","1.05217092826739","0.683709689164352","0.234894039928184","0","0.552494669918027","0.116313184729085","0.00101411350211844","0.098678877720025","0.837784516937597","0.673427705045651","0","1.80395298626144","0.971971452141519","0.00554945444214814","0.172131682074854","0.0804107497721414","0.307558089336921","0","1.82058726467813","0","0","0","0","0","0","0","27.9022062180088","0.382503894125424","0.93011110035963","0.0187751846989428","0.028845895171369","0","35.0579601078735","51.0274871239276","42.1304440112865","93.1579311352142","6.84206886478585"
"37","S2_MOD13Q1_S1","svmRadialMOD13Q1_S1","20180626_20180712","2018-06-26","2018-07-12","3522","35","16","21418.82","40.65","121.32","50.34","243.01","0","7879.33","27.64","68.86","317.66","56.55","2.95","0","66.42","447.58","17.42","1054.27","788.18","178.09","0","70.18","12.86","0.5","19.97","506.59","419.23","0","239.04","562.13","0.36","27.62","75.34","153.43","0","169.51","0","0","0","0","0","0","0","16925.95","102.79","596.89","20.7","75.24","0","17291.76","40493.73","27233.43","67727.16","2322.02","70049.18","76902.5127749522","78677","91.0882849888042","89.033872669268","30.5768318772611","0.0580306578892144","0.173192605537995","0.0718637962642818","0.346913411406101","0","11.248282992035","0.0394579922277463","0.0983023641390234","0.45348139692713","0.0807289963993868","0.00421132695628985","0","0.0948190970972108","0.638951091219055","0.0248682425690065","1.50504260007041","1.12518090861306","0.254235666998529","0","0.100186754505906","0.0183585303925042","0.000713784229879636","0.0285085421413927","0.723191906029449","0.59847952538488","0","0.341245964620856","0.80247905828448","0.000513924645513338","0.0394294408585511","0.107553007758264","0.219031828780865","0","0.241987129613794","0","0","0","0","0","0","0","24.1629523714624","0.146739761978656","0.852101337945712","0.0295506671170169","0.107410250912288","0","24.685171189727","57.8075717660078","38.8775857190619","96.6851574850698","3.31484251493022"
"38","S2_MOD13Q1_S1","svmRadialMOD13Q1_S1","20180712_20180728","2018-07-12","2018-07-28","3522","35","16","32425.33","205.34","272.15","45.8","265.57","0","5633.79","6.07","123.9","73.33","21.85","0.51","0","7.45","113.25","51.04","736.5","1164.86","52.67","0","29.31","3.55","0.05","33","905.07","373.06","0","183.31","383.55","0.79","39.94","120.83","318.66","0","214.3","0","0","0","0","0","0","0","10682.88","440.32","739.56","83.89","147.02","0","14386.67","48896.13","19178.29","68074.42","2210.75","70285.17","76902.5127749522","78677","91.3951540253084","89.3338205574692","46.1339568503569","0.29215266890583","0.387208283056013","0.0651631062427536","0.377846421940788","0","8.01561695020443","0.00863624574003307","0.176281852914349","0.10433210875068","0.0310876391136281","0.000725615375192235","0","0.0105996755787885","0.16112929655004","0.0726184485290425","1.04787396829232","1.65733397244397","0.0749375721791667","0","0.0417015424448714","0.00505085212143614","7.11387622737485e-05","0.046951583100674","1.28771119142203","0.530780533076892","0","0.260808930248017","0.545705445401925","0.00112399244392523","0.0568256433042703","0.171913932910741","0.453381559723054","0","0.304900735105286","0","0","0","0","0","0","0","15.1993372143796","0.626476396087539","1.05222766054347","0.119356615342895","0.20917641658973","0","20.4689979408174","69.568203363526","27.2863962625402","96.8545996260662","3.14540037393379"
"39","S2_MOD13Q1_S1","svmRadialMOD13Q1_S1","20180728_20180813","2018-07-28","2018-08-13","3522","35","16","29482.15","343.95","308.7","63.48","267.89","0","7901.42","31.86","256.04","347.61","96.19","1.02","0","109.85","107.11","85.8","737.33","815.9","78.16","0","98.39","50.87","0.32","9.08","1441.03","437.99","0","405.36","672.98","5.38","23.44","78.95","197.8","0","193.2","0","0","0","0","0","0","0","7295.72","214.84","353.48","59.32","47.95","0","13072.47","45186.82","18260.85","63447.67","2245.36","65693.03","76902.5127749522","78677","85.4237756732921","83.4971211408671","44.8786575988351","0.523571526537899","0.469912865946357","0.0966312560099603","0.407790598180659","0","12.0277904672688","0.0484982957857173","0.389752154832864","0.529142893850383","0.146423448575899","0.0015526761362659","0","0.167217130949813","0.163046216622981","0.130607463227073","1.12238695642445","1.24198868586211","0.11897761452014","0","0.149772357889414","0.0774359167174965","0.000487114081965773","0.0138218620757788","2.19358126729731","0.666722177375591","0","0.617051763330143","1.02443135900414","0.00818960550304956","0.0356811065039929","0.120180177409993","0.301097391915094","0","0.294095126986836","0","0","0","0","0","0","0","11.1057748439979","0.327036216779771","0.538078392791442","0.0902987729444052","0.0729910007195588","0","19.8993256971097","68.7848010664145","27.7972411989522","96.5820422653667","3.41795773463334"
"40","S2_MOD13Q1_S1","svmRadialMOD13Q1_S1","20180813_20180829","2018-08-13","2018-08-29","3522","35","16","3487.48","19.33","95.48","23.55","36.69","0","26731.7","40.68","60.98","385.5","159.4","65.01","0","201.01","151.8","6.13","665.54","628.71","290.84","0","45.79","188.89","1.23","160.48","752.14","998.95","0","453.58","446.79","1.05","40.77","22.49","178.62","0","344.29","0","0","0","0","0","0","0","889.23","151.5","336.57","90.12","75.69","0","20364.1","25508.86","30637.73","56146.59","2445.52","58592.11","76902.5127749522","78677","76.190111201521","74.4717134613674","5.95213246288621","0.0329907900568865","0.162957094393767","0.0401931249787727","0.0626193526739351","0","45.6233783012764","0.0694291432754342","0.104075446335693","0.657938415257617","0.27205028117267","0.11095350551465","0","0.343066668874017","0.259079251455529","0.0104621594955362","1.13588672604554","1.0730284333505","0.496380826701752","0","0.0781504540457751","0.32238128990405","0.0020992587568531","0.273893532764053","1.28368819624349","1.70492238630764","0","0.774131534092218","0.762542943068614","0.00179205015828923","0.0695827475747161","0.0383840076761188","0.304853332641545","0","0.587604713330856","0","0","0","0","0","0","0","1.5176616783386","0.258567237124589","0.574428877881339","0.15380910501431","0.129181215696107","0","34.7557034556359","43.5363396197884","52.2898560915454","95.8261957113338","4.17380428866617"
"41","S2_MOD13Q1_S1","svmRadialMOD13Q1_S1","20180829_20180914","2018-08-29","2018-09-14","3522","35","16","2228.39","61.78","209.3","95.07","110.41","0","866.67","5.31","16.14","167.36","33.25","6.57","0","3","108.78","26.97","405.43","933.22","123.28","0","79.26","106.25","0.82","59.65","757.76","233.13","0","519.32","295.48","3.84","121.85","278.84","150.16","0","792.04","0","0","0","0","0","0","0","15736.85","414.33","965.14","198.11","159.94","0","20187.89","23745.77","19510.01","43255.78","3205.81","46461.59","76902.5127749522","78677","60.4162183048106","59.0535861814762","4.79619832209789","0.132970051175605","0.450479632746103","0.20462063394731","0.237637153614416","0","1.86534726857174","0.0114287952693827","0.0347383720617396","0.360211520957419","0.0715644901519729","0.0141407127909312","0","0.00645694647987725","0.234128879360349","0.0580479488540965","0.872613270445544","2.00858386465035","0.265337454013089","0","0.170592525998357","0.228683521162319","0.00176489870449978","0.128385619174893","1.63093858819726","0.501769310951261","0","1.11774048197662","0.635966181958043","0.00826489149424288","0.262259642857681","0.600151652149657","0.323191694472789","0","1.70471996330733","0","0","0","0","0","0","0","33.8706660706188","0.891768878335847","2.07728577519624","0.426395222376161","0.344241339997189","0","43.450708423883","51.1083886711583","41.99169679729","93.1000854684482","6.89991453155176"
"42","S2_MOD13Q1_S1","svmRadialMOD13Q1_S1","20180914_20180930","2018-09-14","2018-09-30","3522","35","16","22674.83","20.99","181.73","4.92","86.64","0","551.7","163.62","53.97","240.5","8.19","1.2","0","75.76","358.47","35.63","1003.75","546.88","108.9","0","0","6.89","0.44","12.18","1817.46","461.48","0","0","275.6","0.54","40.76","52.94","428.46","0","0","0","0","0","0","0","0","0","19113.22","71.54","453.8","105.27","70.74","0","8124.78","34103.25","21446.07","55549.32","1604.46","57153.78","76902.5127749522","78677","74.3197821991266","72.6435680058975","39.673368935528","0.0367254799245124","0.317966720661346","0.00860835451303483","0.151591023375882","0","0.965290484723845","0.286280277524951","0.0944294498106687","0.420794565118878","0.0143297608662104","0.00209959866171581","0","0.132554662176325","0.627202610221056","0.0623405835974453","1.75622679724771","0.956857096765953","0.19053857855071","0","0","0.0120551956493516","0.000769852842629131","0.0213109264164155","3.17994715310168","0.807435658673844","0","0","0.482207825974065","0.000944819397772116","0.0713163678762804","0.0926272942926959","0.749661702165631","0","0","0","0","0","0","0","0","0","33.4417426108999","0.125171073549291","0.793998227238863","0.18418729259902","0.123771341108147","0","14.2156476789462","59.6692817167998","37.523449892553","97.1927316093529","2.80726839064713"
"43","S2_MOD13Q1_S1","svmRadialMOD13Q1_S1","20180610_20180626","2018-06-10","2018-06-26","3524","35","16","11978.35","133.97","187.37","64.61","104.64","0","592.61","184.86","2176.1","974.42","102.81","3.75","0","138.93","716.44","1314.7","5614.52","4217.2","129.95","0","338.69","15.13","7.15","140.13","4318.12","347.67","0","1061.51","418.41","10.03","161.47","479.49","255.37","0.01","740.36","8.12","0.04","1.2","0.62","0.54","0","0.09","25961.05","508.24","148.12","11.92","6.69","0","16096.12","40438.58","34099.44","74538.02","5133.5","79671.52","84154.4158190139","87336","94.6730117779499","91.2241458276083","15.0346698544223","0.168152935955031","0.235178141448789","0.0810954780328027","0.131339279079902","0","0.743816611004786","0.23202770575985","2.73133988155366","1.22304683028515","0.129042347880397","0.0047068262284942","0","0.174378498113253","0.899242288837969","1.65015051802702","7.04708533237473","5.29323401888153","0.163107218238086","0","0.425107993420987","0.0189904748898979","0.00897434867566227","0.175884682506371","5.41990412634276","0.436379273296154","0","1.3323581626157","0.525168843270469","0.0125891912191458","0.202669661630656","0.601833628880182","0.32052859039215","1.25515366093179e-05","0.929265564407457","0.0101918477267661","5.02061464372714e-05","0.00150618439311814","0.000778195269777707","0.000677782976903165","0","0.000112963829483861","32.5851069491331","0.637919296631971","0.185913360257216","0.0149614316383069","0.00839697799163365","0","20.2031039447973","50.7566317298829","42.8000369517238","93.5566686816067","6.44333131839332"
"44","S2_MOD13Q1_S1","svmRadialMOD13Q1_S1","20180626_20180712","2018-06-26","2018-07-12","3524","35","16","21781.4","135.3","423.86","65.37","269.35","0","15644.62","203.09","1349.95","1675.91","426.65","24.35","0","476.93","234.37","70.91","2126.82","3669.26","572.22","0","553.77","129.02","1.11","77.63","4804.58","2589.62","0","1612.11","348.26","1.58","31.19","30.19","232.03","0","205.46","0","0","0","0","0.01","0","0","4815.72","28.29","326.82","23.09","41.98","0","13809.87","44104.65","29317.12","73421.77","5390.92","78812.69","84154.4158190139","87336","93.6524711543336","90.2407827241916","27.6369198919616","0.171672861312055","0.537806792281801","0.0829434955208355","0.341759683624553","0","19.8503819626002","0.257686928336033","1.71285867796163","2.12644689579813","0.541346831328813","0.0308960397113714","0","0.605143664046995","0.297375968260949","0.0899728203668724","2.69857557203034","4.65567156761176","0.726050589061229","0","0.702640653427766","0.163704601378281","0.00140840263160666","0.0984993660284911","6.09620100519345","3.28579065122634","0","2.04549546526073","0.441883153588591","0.00200475329544011","0.0395748451169475","0.0383060139173019","0.294406903253778","0","0.260694058279193","0","0","0","0","1.26883119964564e-05","0","0","6.11033578475751","0.0358952346379752","0.414679412668188","0.0292973123998178","0.053265533761124","0","17.5223939190503","55.9613559694511","37.1984765397552","93.1598325092063","6.84016749079368"
"45","S2_MOD13Q1_S1","svmRadialMOD13Q1_S1","20180712_20180728","2018-07-12","2018-07-28","3524","35","16","24234.05","90.97","245.26","75.88","192.15","0","1791.14","177.76","902.09","388.53","59.07","1.23","0","59.04","332.86","238.37","1869.04","1545.59","264.72","0","412.11","16.69","1.84","61.62","4718.83","2389.16","0","1799.17","879.77","27.68","167.99","182.81","1142.44","0","1320.16","0","0","0","0","0","0","0","18526.29","107.62","270.01","63.54","139.27","0","13276.57","46143.02","27244.67","73387.69","4583.63","77971.32","84154.4158190139","87336","92.6526781050782","89.2774113767519","31.0807230145648","0.116671104195748","0.314551555623273","0.0973178343011251","0.24643676674962","0","2.29717798800892","0.227981262854085","1.15695104302454","0.498298605179443","0.0757586250944578","0.00157750311268297","0","0.0757201494087826","0.42690055779484","0.305714973146536","2.39708651847885","1.98225450075746","0.339509450397916","0","0.528540494120146","0.0214053064639665","0.00235984205474526","0.0790290583768493","6.05200732782259","3.06415230625825","0","2.30747664654132","1.12832513288219","0.035500232649646","0.21545101455253","0.234458003276076","1.46520541142564","0","1.69313537336549","0","0","0","0","0","0","0","23.7603903589166","0.138025109745481","0.346293996305308","0.0814915022600618","0.178616958132811","0","17.0275044721572","59.1794777874737","34.9419119748133","94.1213897622869","5.87861023771305"
"46","S2_MOD13Q1_S1","svmRadialMOD13Q1_S1","20180728_20180813","2018-07-28","2018-08-13","3524","35","16","34492.14","99.3","96.77","19.62","118.39","0","2916.86","126.6","863.69","303.51","20.16","1.23","0","62.62","644.79","153.87","1062.39","411.4","285.67","0","457.28","170.39","0.38","74.6","1263.01","2038.14","0","3099.22","2504.83","58.96","65.56","18.29","480.65","0","1034.45","0","0","0","0","0","0","0","8551.6","236.57","83.8","12.16","57.66","0","10013.2","48175.08","18282.22","66457.3","5442.46","71899.76","84154.4158190139","87336","85.4378933063129","82.325455711276","47.9725384340643","0.138108945008996","0.134590157185504","0.0272879909473968","0.164659798586254","0","4.05684247068419","0.17607847369727","1.2012418400284","0.422129364548644","0.0280390365698022","0.00171071502881234","0","0.0870934756944947","0.896790197908866","0.214006277628743","1.47759881256905","0.572185498254792","0.397317042504732","0","0.635996559654719","0.236982710373442","0.000528513586137144","0.103755561910081","1.75662616954493","2.83469652749884","0","4.31047335902095","3.48378075253659","0.082003055364858","0.0911825018609241","0.0254381933959168","0.668500145202154","0","1.43873915573571","0","0","0","0","0","0","0","11.8937810084484","0.329027523874906","0.116551153995507","0.0169124347563886","0.0801949825701782","0","13.9266111597591","67.0031165611679","25.4273727756532","92.4304893368211","7.56951066317885"
"47","S2_MOD13Q1_S1","svmRadialMOD13Q1_S1","20180813_20180829","2018-08-13","2018-08-29","3524","35","16","24440.85","85.11","887.36","0.7","33.22","0","13081.95","206.17","85.84","856.85","3.21","9.97","0","255.61","452.44","21.79","713.59","56.29","262.11","0","180.62","127.21","1.21","130.81","109.43","945.74","0","430.33","1543.01","2.99","285.47","0.98","384.63","0","767.82","0","0","0","0","0","0","0","5698.92","29.88","156.5","2.56","42.25","0","11783.15","37517.49","23274.73","60792.22","3284.35","64076.57","84154.4158190139","87336","76.1416609887778","73.3678780800586","38.1431933700571","0.132825461787358","1.38484316498215","0.00109244299437376","0.0518442232472806","0","20.4161209003541","0.321755674500055","0.133964723767205","1.33722825675594","0.00500963144562825","0.0155595095055806","0","0.398913362559825","0.706092726249236","0.0340061897820061","1.1136519947931","0.0878480230761416","0.40905747607901","0","0.281881505205413","0.198528104734695","0.0018883657474175","0.204146382991474","0.170780052677601","1.47595291071292","0","0.671587133955516","2.40807209249808","0.00466629221882507","0.445513859434111","0.00152942019212327","0.6002662127514","0","1.19828511420009","0","0","0","0","0","0","0","8.8939217564236","0.0466317095312686","0.244239040884991","0.00399522009370976","0.0659367378747021","0","18.389170955936","58.5510273099824","36.3233081920584","94.8743355020408","5.12566449795924"
"48","S2_MOD13Q1_S1","svmRadialMOD13Q1_S1","20180829_20180914","2018-08-29","2018-09-14","3524","35","16","9290.57","75.9","357.06","15.82","85.41","0.02","6950.03","60.01","39.97","88.64","1.57","3.44","0","35.97","1180.74","202.08","969.36","77.27","143.07","0","462.92","4.28","0.06","4.27","24.12","61.71","0","78.74","703.16","2.17","43.66","23.3","253.85","0","652.67","0","0","0","0","0","0","0","10689.33","201.67","926.44","3.86","51.58","0","14966.98","25544.85","19562.58","45107.43","3624.27","48731.7","84154.4158190139","87336","57.9074782062589","55.7979527342676","19.0647360958062","0.155750774136753","0.732705815721594","0.0324634683378581","0.175265792081951","4.10410472033605e-05","14.2618254647386","0.123143662133683","0.0820205328359159","0.181893921205294","0.0032217222054638","0.007059060118978","0","0.0738123233952438","2.42294030374479","0.414678740942754","1.98917747585247","0.158562085870183","0.293587131169239","0","0.949936078568981","0.00878278410151914","0.000123123141610081","0.00876226357791746","0.0494955029272527","0.126632151145969","0","0.16157860283963","1.44292113757575","0.00445295362156461","0.0895926060449359","0.0478128199919149","0.520913491628653","0","1.33931301391086","0","0","0","0","0","0","0","21.9350648551148","0.413837399475085","1.90110338855406","0.00792092211024857","0.105844860737467","0","30.7130266335876","52.4193697326381","40.1434384599757","92.5628081926138","7.43719180738616"
"49","S2_MOD13Q1_S1","svmRadialMOD13Q1_S1","20180914_20180930","2018-09-14","2018-09-30","3524","35","16","24899.1","243.27","533.54","8.32","113.95","8.18","1184.72","115.69","265.62","137.14","0.51","0.47","0","16.59","1165.92","199.9","1358.83","50.3","64.04","0","0","5.91","0.14","4.85","70.47","64.61","0","0","246.34","2.19","36.66","24.17","291.02","0.05","0","0","0","0","0","0","0.02","0","21597.2","220.13","337.39","2.37","34.25","0.44","5599.96","32485.02","23869.82","56354.84","2549.42","58904.26","84154.4158190139","87336","69.9954475671033","67.4455665475863","42.2704571791582","0.41299220124317","0.90577489641666","0.0141246150957503","0.193449506028936","0.013886941284043","2.01126370147083","0.196403451974441","0.450935127612163","0.232818475268172","0.000865811742648155","0.000797904939303202","0","0.0281643466873194","1.9793475038987","0.339364249716404","2.30684503973057","0.0853928052062788","0.10871879215527","0","0","0.0100332301942169","0.000237673811707337","0.00823369990557559","0.119634810792972","0.109686464102936","0","0","0.418204048399895","0.00371789748313619","0.0622365852656497","0.041032685921188","0.494055947736208","8.48835041811917e-05","0","0","0","0","0","0","3.39534016724767e-05","0","36.6649203300407","0.373708115508114","0.572776909513845","0.00402347809818848","0.0581452003641163","0.000746974836794487","9.50688456149012","55.1488466199219","40.5230793154859","95.6719259354077","4.32807406459227"
